month,freq,total
jan,0,0
feb,10,0.037037037
mar,19,0.07037037
apr,4,0.014814815
may,1,0.003703704
jun,8,0.02962963
jul,18,0.066666667
aug,99,0.366666667
sep,97,0.359259259
oct,5,0.018518519
nov,0,0
dec,9,0.033333333
